{"tileW":75,"tileH":75,"trees":[{"x":375,"y":150,"w":75,"h":75},{"x":525,"y":150,"w":75,"h":75},{"x":600,"y":300,"w":75,"h":75},{"x":375,"y":375,"w":75,"h":75},{"x":375,"y":300,"w":75,"h":75},{"x":450,"y":300,"w":75,"h":75},{"x":525,"y":375,"w":75,"h":75},{"x":600,"y":375,"w":75,"h":75},{"x":1800,"y":150,"w":75,"h":75},{"x":1800,"y":300,"w":75,"h":75},{"x":1800,"y":375,"w":75,"h":75},{"x":1950,"y":375,"w":75,"h":75},{"x":2025,"y":375,"w":75,"h":75},{"x":1875,"y":375,"w":75,"h":75},{"x":1800,"y":225,"w":75,"h":75}]}